Sample_ID,Sample_det,Total,Mapping,Ind,Individual,Drug,Conc.,Time,Sample_name,Condition,Time,Treat_Cond
MCW_SP_JT_R31_R1,84-1_CX-5461_0.1然_48hr,57896,Unmapped_Reads,Male_2,Ind_5_84-1_Male-2,CX-5461,0.1,48hr,84-1_CX-5461_0.1_48,CX-5461_0.1,48hr,CX-5461_0.1_48hr
MCW_SP_JT_R43_R1,90-1_CX-5461_0.1然_24hr,73650,Unmapped_Reads,Male_3,Ind_6_90-1_Male_3,CX-5461,0.1,24hr,90-1_CX-5461_0.1_24,CX-5461_0.1,24hr,CX-5461_0.1_24hr
MCW_SP_JT_R58_R1,75-1_DOX_0.5然_3hr,75514,Unmapped_Reads,female_1,Ind_1_75-1_female-1,DOX,0.5,03hr,75-1_DOX_0.5_3,DOX_0.5,03hr,DOX_0.5_03hr
MCW_SP_JT_R80_R1,78-1_CX-5461_0.5然_24hr,77312,Unmapped_Reads,female_2,Ind_2_78-1_female-2,CX-5461,0.5,24hr,78-1_CX-5461_0.5_24,CX-5461_0.5,24hr,CX-5461_0.5_24hr
MCW_SP_JT_R29_R1,84-1_VEH_0.1然_24hr,80623,Unmapped_Reads,Male_2,Ind_5_84-1_Male-2,VEH,0.1,24hr,84-1_VEH_0.1_24,VEH_0.1,24hr,VEH_0.1_24hr
MCW_SP_JT_R12_R1,17-3_VEH_0.5然_24hr,82760,Unmapped_Reads,Male_1,Ind_4_17-3_Male-1,VEH,0.5,24hr,17-3_VEH_0.5_24,VEH_0.5,24hr,VEH_0.5_24hr
MCW_SP_JT_R37_R1,90-1_CX-5461_0.1然_3hr,82782,Unmapped_Reads,Male_3,Ind_6_90-1_Male_3,CX-5461,0.1,03hr,90-1_CX-5461_0.1_3,CX-5461_0.1,03hr,CX-5461_0.1_03hr
MCW_SP_JT_R62_R1,75-1_CX-5461_0.5然_24hr,82818,Unmapped_Reads,female_1,Ind_1_75-1_female-1,CX-5461,0.5,24hr,75-1_CX-5461_0.5_24,CX-5461_0.5,24hr,CX-5461_0.5_24hr
MCW_SP_JT_R79_R1,78-1_CX-5461_0.1然_24hr,83190,Unmapped_Reads,female_2,Ind_2_78-1_female-2,CX-5461,0.1,24hr,78-1_CX-5461_0.1_24,CX-5461_0.1,24hr,CX-5461_0.1_24hr
MCW_SP_JT_R35_R1,84-1_VEH_0.1然_48hr,85862,Unmapped_Reads,Male_2,Ind_5_84-1_Male-2,VEH,0.1,48hr,84-1_VEH_0.1_48,VEH_0.1,48hr,VEH_0.1_48hr
MCW_SP_JT_R3_R1,17-3_DOX_0.1然_3hr,88398,Unmapped_Reads,Male_1,Ind_4_17-3_Male-1,DOX,0.1,03hr,17-3_DOX_0.1_3,DOX_0.1,03hr,DOX_0.1_03hr
MCW_SP_JT_R69_R1,75-1_DOX_0.1然_48hr,88492,Unmapped_Reads,female_1,Ind_1_75-1_female-1,DOX,0.1,48hr,75-1_DOX_0.1_48,DOX_0.1,48hr,DOX_0.1_48hr
MCW_SP_JT_R78_R1,78-1_VEH_0.5然_3hr,89961,Unmapped_Reads,female_2,Ind_2_78-1_female-2,VEH,0.5,03hr,78-1_VEH_0.5_3,VEH_0.5,03hr,VEH_0.5_03hr
MCW_SP_JT_R20_R1,84-1_CX-5461_0.5然_3hr,90326,Unmapped_Reads,Male_2,Ind_5_84-1_Male-2,CX-5461,0.5,03hr,84-1_CX-5461_0.5_3,CX-5461_0.5,03hr,CX-5461_0.5_03hr
MCW_SP_JT_R83_R1,78-1_VEH_0.1然_24hr,91175,Unmapped_Reads,female_2,Ind_2_78-1_female-2,VEH,0.1,24hr,78-1_VEH_0.1_24,VEH_0.1,24hr,VEH_0.1_24hr
MCW_SP_JT_R14_R1,17-3_CX-5461_0.5然_48hr,92250,Unmapped_Reads,Male_1,Ind_4_17-3_Male-1,CX-5461,0.5,48hr,17-3_CX-5461_0.5_48,CX-5461_0.5,48hr,CX-5461_0.5_48hr
MCW_SP_JT_R86_R1,78-1_CX-5461_0.5然_48hr,92271,Unmapped_Reads,female_2,Ind_2_78-1_female-2,CX-5461,0.5,48hr,78-1_CX-5461_0.5_48,CX-5461_0.5,48hr,CX-5461_0.5_48hr
MCW_SP_JT_R74_R1,78-1_CX-5461_0.5然_3hr,92699,Unmapped_Reads,female_2,Ind_2_78-1_female-2,CX-5461,0.5,03hr,78-1_CX-5461_0.5_3,CX-5461_0.5,03hr,CX-5461_0.5_03hr
MCW_SP_JT_R21_R1,84-1_DOX_0.1然_3hr,92824,Unmapped_Reads,Male_2,Ind_5_84-1_Male-2,DOX,0.1,03hr,84-1_DOX_0.1_3,DOX_0.1,03hr,DOX_0.1_03hr
MCW_SP_JT_R107_R1,87-1_VEH_0.1然_48hr,92852,Unmapped_Reads,female_3,Ind_3_87-1_female-3,VEH,0.1,48hr,87-1_VEH_0.1_48,VEH_0.1,48hr,VEH_0.1_48hr
MCW_SP_JT_R38_R1,90-1_CX-5461_0.5然_3hr,92991,Unmapped_Reads,Male_3,Ind_6_90-1_Male_3,CX-5461,0.5,03hr,90-1_CX-5461_0.5_3,CX-5461_0.5,03hr,CX-5461_0.5_03hr
MCW_SP_JT_R75_R1,78-1_DOX_0.1然_3hr,93654,Unmapped_Reads,female_2,Ind_2_78-1_female-2,DOX,0.1,03hr,78-1_DOX_0.1_3,DOX_0.1,03hr,DOX_0.1_03hr
MCW_SP_JT_R11_R1,17-3_VEH_0.1然_24hr,94286,Unmapped_Reads,Male_1,Ind_4_17-3_Male-1,VEH,0.1,24hr,17-3_VEH_0.1_24,VEH_0.1,24hr,VEH_0.1_24hr
MCW_SP_JT_R84_R1,78-1_VEH_0.5然_24hr,94305,Unmapped_Reads,female_2,Ind_2_78-1_female-2,VEH,0.5,24hr,78-1_VEH_0.5_24,VEH_0.5,24hr,VEH_0.5_24hr
MCW_SP_JT_R54_R1,90-1_VEH_0.5然_48hr,94883,Unmapped_Reads,Male_3,Ind_6_90-1_Male_3,VEH,0.5,48hr,90-1_VEH_0.5_48,VEH_0.5,48hr,VEH_0.5_48hr
MCW_SP_JT_R4_R1,17-3_DOX_0.5然_3hr,95710,Unmapped_Reads,Male_1,Ind_4_17-3_Male-1,DOX,0.5,03hr,17-3_DOX_0.5_3,DOX_0.5,03hr,DOX_0.5_03hr
MCW_SP_JT_R51_R1,90-1_DOX_0.1然_48hr,95871,Unmapped_Reads,Male_3,Ind_6_90-1_Male_3,DOX,0.1,48hr,90-1_DOX_0.1_48,DOX_0.1,48hr,DOX_0.1_48hr
MCW_SP_JT_R44_R1,90-1_CX-5461_0.5然_24hr,96207,Unmapped_Reads,Male_3,Ind_6_90-1_Male_3,CX-5461,0.5,24hr,90-1_CX-5461_0.5_24,CX-5461_0.5,24hr,CX-5461_0.5_24hr
MCW_SP_JT_R18_R1,17-3_VEH_0.5然_48hr,96478,Unmapped_Reads,Male_1,Ind_4_17-3_Male-1,VEH,0.5,48hr,17-3_VEH_0.5_48,VEH_0.5,48hr,VEH_0.5_48hr
MCW_SP_JT_R45_R1,90-1_DOX_0.1然_24hr,96888,Unmapped_Reads,Male_3,Ind_6_90-1_Male_3,DOX,0.1,24hr,90-1_DOX_0.1_24,DOX_0.1,24hr,DOX_0.1_24hr
MCW_SP_JT_R95_R1,87-1_VEH_0.1然_3hr,97180,Unmapped_Reads,female_3,Ind_3_87-1_female-3,VEH,0.1,03hr,87-1_VEH_0.1_3,VEH_0.1,03hr,VEH_0.1_03hr
MCW_SP_JT_R91_R1,87-1_CX-5461_0.1然_3hr,97485,Unmapped_Reads,female_3,Ind_3_87-1_female-3,CX-5461,0.1,03hr,87-1_CX-5461_0.1_3,CX-5461_0.1,03hr,CX-5461_0.1_03hr
MCW_SP_JT_R23_R1,84-1_VEH_0.1然_3hr,99442,Unmapped_Reads,Male_2,Ind_5_84-1_Male-2,VEH,0.1,03hr,84-1_VEH_0.1_3,VEH_0.1,03hr,VEH_0.1_03hr
MCW_SP_JT_R42_R1,90-1_VEH_0.5然_3hr,99825,Unmapped_Reads,Male_3,Ind_6_90-1_Male_3,VEH,0.5,03hr,90-1_VEH_0.5_3,VEH_0.5,03hr,VEH_0.5_03hr
MCW_SP_JT_R34_R1,84-1_DOX_0.5然_48hr,100181,Unmapped_Reads,Male_2,Ind_5_84-1_Male-2,DOX,0.5,48hr,84-1_DOX_0.5_48,DOX_0.5,48hr,DOX_0.5_48hr
MCW_SP_JT_R24_R1,84-1_VEH_0.5然_3hr,100564,Unmapped_Reads,Male_2,Ind_5_84-1_Male-2,VEH,0.5,03hr,84-1_VEH_0.5_3,VEH_0.5,03hr,VEH_0.5_03hr
MCW_SP_JT_R93_R1,87-1_DOX_0.1然_3hr,101076,Unmapped_Reads,female_3,Ind_3_87-1_female-3,DOX,0.1,03hr,87-1_DOX_0.1_3,DOX_0.1,03hr,DOX_0.1_03hr
MCW_SP_JT_R8_R1,17-3_CX-5461_0.5然_24hr,101154,Unmapped_Reads,Male_1,Ind_4_17-3_Male-1,CX-5461,0.5,24hr,17-3_CX-5461_0.5_24,CX-5461_0.5,24hr,CX-5461_0.5_24hr
MCW_SP_JT_R53_R1,90-1_VEH_0.1然_48hr,101735,Unmapped_Reads,Male_3,Ind_6_90-1_Male_3,VEH,0.1,48hr,90-1_VEH_0.1_48,VEH_0.1,48hr,VEH_0.1_48hr
MCW_SP_JT_R36_R1,84-1_VEH_0.5然_48hr,101914,Unmapped_Reads,Male_2,Ind_5_84-1_Male-2,VEH,0.5,48hr,84-1_VEH_0.5_48,VEH_0.5,48hr,VEH_0.5_48hr
MCW_SP_JT_R22_R1,84-1_DOX_0.5然_3hr,102209,Unmapped_Reads,Male_2,Ind_5_84-1_Male-2,DOX,0.5,03hr,84-1_DOX_0.5_3,DOX_0.5,03hr,DOX_0.5_03hr
MCW_SP_JT_R26_R1,84-1_CX-5461_0.5然_24hr,102559,Unmapped_Reads,Male_2,Ind_5_84-1_Male-2,CX-5461,0.5,24hr,84-1_CX-5461_0.5_24,CX-5461_0.5,24hr,CX-5461_0.5_24hr
MCW_SP_JT_R41_R1,90-1_VEH_0.1然_3hr,103323,Unmapped_Reads,Male_3,Ind_6_90-1_Male_3,VEH,0.1,03hr,90-1_VEH_0.1_3,VEH_0.1,03hr,VEH_0.1_03hr
MCW_SP_JT_R104_R1,87-1_CX-5461_0.5然_48hr,103446,Unmapped_Reads,female_3,Ind_3_87-1_female-3,CX-5461,0.5,48hr,87-1_CX-5461_0.5_48,CX-5461_0.5,48hr,CX-5461_0.5_48hr
MCW_SP_JT_R59_R1,75-1_VEH_0.1然_3hr,103723,Unmapped_Reads,female_1,Ind_1_75-1_female-1,VEH,0.1,03hr,75-1_VEH_0.1_3,VEH_0.1,03hr,VEH_0.1_03hr
MCW_SP_JT_R87_R1,78-1_DOX_0.1然_48hr,104080,Unmapped_Reads,female_2,Ind_2_78-1_female-2,DOX,0.1,48hr,78-1_DOX_0.1_48,DOX_0.1,48hr,DOX_0.1_48hr
MCW_SP_JT_R2_R1,17-3_CX-5461_0.5然_3hr,104250,Unmapped_Reads,Male_1,Ind_4_17-3_Male-1,CX-5461,0.5,03hr,17-3_CX-5461_0.5_3,CX-5461_0.5,03hr,CX-5461_0.5_03hr
MCW_SP_JT_R30_R1,84-1_VEH_0.5然_24hr,104356,Unmapped_Reads,Male_2,Ind_5_84-1_Male-2,VEH,0.5,24hr,84-1_VEH_0.5_24,VEH_0.5,24hr,VEH_0.5_24hr
MCW_SP_JT_R65_R1,75-1_VEH_0.1然_24hr,105445,Unmapped_Reads,female_1,Ind_1_75-1_female-1,VEH,0.1,24hr,75-1_VEH_0.1_24,VEH_0.1,24hr,VEH_0.1_24hr
MCW_SP_JT_R89_R1,78-1_VEH_0.1然_48hr,105688,Unmapped_Reads,female_2,Ind_2_78-1_female-2,VEH,0.1,48hr,78-1_VEH_0.1_48,VEH_0.1,48hr,VEH_0.1_48hr
MCW_SP_JT_R61_R1,75-1_CX-5461_0.1然_24hr,106575,Unmapped_Reads,female_1,Ind_1_75-1_female-1,CX-5461,0.1,24hr,75-1_CX-5461_0.1_24,CX-5461_0.1,24hr,CX-5461_0.1_24hr
MCW_SP_JT_R19_R1,84-1_CX-5461_0.1然_3hr,106666,Unmapped_Reads,Male_2,Ind_5_84-1_Male-2,CX-5461,0.1,03hr,84-1_CX-5461_0.1_3,CX-5461_0.1,03hr,CX-5461_0.1_03hr
MCW_SP_JT_R6_R1,17-3_VEH_0.5然_3hr,106834,Unmapped_Reads,Male_1,Ind_4_17-3_Male-1,VEH,0.5,03hr,17-3_VEH_0.5_3,VEH_0.5,03hr,VEH_0.5_03hr
MCW_SP_JT_R60_R1,75-1_VEH_0.5然_3hr,107573,Unmapped_Reads,female_1,Ind_1_75-1_female-1,VEH,0.5,03hr,75-1_VEH_0.5_3,VEH_0.5,03hr,VEH_0.5_03hr
MCW_SP_JT_R33_R1,84-1_DOX_0.1然_48hr,107654,Unmapped_Reads,Male_2,Ind_5_84-1_Male-2,DOX,0.1,48hr,84-1_DOX_0.1_48,DOX_0.1,48hr,DOX_0.1_48hr
MCW_SP_JT_R27_R1,84-1_DOX_0.1然_24hr,110525,Unmapped_Reads,Male_2,Ind_5_84-1_Male-2,DOX,0.1,24hr,84-1_DOX_0.1_24,DOX_0.1,24hr,DOX_0.1_24hr
MCW_SP_JT_R39_R1,90-1_DOX_0.1然_3hr,110580,Unmapped_Reads,Male_3,Ind_6_90-1_Male_3,DOX,0.1,03hr,90-1_DOX_0.1_3,DOX_0.1,03hr,DOX_0.1_03hr
MCW_SP_JT_R76_R1,78-1_DOX_0.5然_3hr,110988,Unmapped_Reads,female_2,Ind_2_78-1_female-2,DOX,0.5,03hr,78-1_DOX_0.5_3,DOX_0.5,03hr,DOX_0.5_03hr
MCW_SP_JT_R92_R1,87-1_CX-5461_0.5然_3hr,111837,Unmapped_Reads,female_3,Ind_3_87-1_female-3,CX-5461,0.5,03hr,87-1_CX-5461_0.5_3,CX-5461_0.5,03hr,CX-5461_0.5_03hr
MCW_SP_JT_R40_R1,90-1_DOX_0.5然_3hr,112335,Unmapped_Reads,Male_3,Ind_6_90-1_Male_3,DOX,0.5,03hr,90-1_DOX_0.5_3,DOX_0.5,03hr,DOX_0.5_03hr
MCW_SP_JT_R73_R1,78-1_CX-5461_0.1然_3hr,112779,Unmapped_Reads,female_2,Ind_2_78-1_female-2,CX-5461,0.1,03hr,78-1_CX-5461_0.1_3,CX-5461_0.1,03hr,CX-5461_0.1_03hr
MCW_SP_JT_R90_R1,78-1_VEH_0.5然_48hr,112958,Unmapped_Reads,female_2,Ind_2_78-1_female-2,VEH,0.5,48hr,78-1_VEH_0.5_48,VEH_0.5,48hr,VEH_0.5_48hr
MCW_SP_JT_R108_R1,87-1_VEH_0.5然_48hr,113040,Unmapped_Reads,female_3,Ind_3_87-1_female-3,VEH,0.5,48hr,87-1_VEH_0.5_48,VEH_0.5,48hr,VEH_0.5_48hr
MCW_SP_JT_R48_R1,90-1_VEH_0.5然_24hr,113512,Unmapped_Reads,Male_3,Ind_6_90-1_Male_3,VEH,0.5,24hr,90-1_VEH_0.5_24,VEH_0.5,24hr,VEH_0.5_24hr
MCW_SP_JT_R56_R1,75-1_CX-5461_0.5然_3hr,113783,Unmapped_Reads,female_1,Ind_1_75-1_female-1,CX-5461,0.5,03hr,75-1_CX-5461_0.5_3,CX-5461_0.5,03hr,CX-5461_0.5_03hr
MCW_SP_JT_R7_R1,17-3_CX-5461_0.1然_24hr,114296,Unmapped_Reads,Male_1,Ind_4_17-3_Male-1,CX-5461,0.1,24hr,17-3_CX-5461_0.1_24,CX-5461_0.1,24hr,CX-5461_0.1_24hr
MCW_SP_JT_R57_R1,75-1_DOX_0.1然_3hr,114918,Unmapped_Reads,female_1,Ind_1_75-1_female-1,DOX,0.1,03hr,75-1_DOX_0.1_3,DOX_0.1,03hr,DOX_0.1_03hr
MCW_SP_JT_R96_R1,87-1_VEH_0.5然_3hr,116811,Unmapped_Reads,female_3,Ind_3_87-1_female-3,VEH,0.5,03hr,87-1_VEH_0.5_3,VEH_0.5,03hr,VEH_0.5_03hr
MCW_SP_JT_R32_R1,84-1_CX-5461_0.5然_48hr,117357,Unmapped_Reads,Male_2,Ind_5_84-1_Male-2,CX-5461,0.5,48hr,84-1_CX-5461_0.5_48,CX-5461_0.5,48hr,CX-5461_0.5_48hr
MCW_SP_JT_R55_R1,75-1_CX-5461_0.1然_3hr,117896,Unmapped_Reads,female_1,Ind_1_75-1_female-1,CX-5461,0.1,03hr,75-1_CX-5461_0.1_3,CX-5461_0.1,03hr,CX-5461_0.1_03hr
MCW_SP_JT_R67_R1,75-1_CX-5461_0.1然_48hr,118049,Unmapped_Reads,female_1,Ind_1_75-1_female-1,CX-5461,0.1,48hr,75-1_CX-5461_0.1_48,CX-5461_0.1,48hr,CX-5461_0.1_48hr
MCW_SP_JT_R68_R1,75-1_CX-5461_0.5然_48hr,118786,Unmapped_Reads,female_1,Ind_1_75-1_female-1,CX-5461,0.5,48hr,75-1_CX-5461_0.5_48,CX-5461_0.5,48hr,CX-5461_0.5_48hr
MCW_SP_JT_R85_R1,78-1_CX-5461_0.1然_48hr,120105,Unmapped_Reads,female_2,Ind_2_78-1_female-2,CX-5461,0.1,48hr,78-1_CX-5461_0.1_48,CX-5461_0.1,48hr,CX-5461_0.1_48hr
MCW_SP_JT_R105_R1,87-1_DOX_0.1然_48hr,122774,Unmapped_Reads,female_3,Ind_3_87-1_female-3,DOX,0.1,48hr,87-1_DOX_0.1_48,DOX_0.1,48hr,DOX_0.1_48hr
MCW_SP_JT_R1_R1,17-3_CX-5461_0.1然_3hr,123285,Unmapped_Reads,Male_1,Ind_4_17-3_Male-1,CX-5461,0.1,03hr,17-3_CX-5461_0.1_3,CX-5461_0.1,03hr,CX-5461_0.1_03hr
MCW_SP_JT_R28_R1,84-1_DOX_0.5然_24hr,124807,Unmapped_Reads,Male_2,Ind_5_84-1_Male-2,DOX,0.5,24hr,84-1_DOX_0.5_24,DOX_0.5,24hr,DOX_0.5_24hr
MCW_SP_JT_R47_R1,90-1_VEH_0.1然_24hr,125584,Unmapped_Reads,Male_3,Ind_6_90-1_Male_3,VEH,0.1,24hr,90-1_VEH_0.1_24,VEH_0.1,24hr,VEH_0.1_24hr
MCW_SP_JT_R99_R1,87-1_DOX_0.1然_24hr,125946,Unmapped_Reads,female_3,Ind_3_87-1_female-3,DOX,0.1,24hr,87-1_DOX_0.1_24,DOX_0.1,24hr,DOX_0.1_24hr
MCW_SP_JT_R94_R1,87-1_DOX_0.5然_3hr,126146,Unmapped_Reads,female_3,Ind_3_87-1_female-3,DOX,0.5,03hr,87-1_DOX_0.5_3,DOX_0.5,03hr,DOX_0.5_03hr
MCW_SP_JT_R77_R1,78-1_VEH_0.1然_3hr,126744,Unmapped_Reads,female_2,Ind_2_78-1_female-2,VEH,0.1,03hr,78-1_VEH_0.1_3,VEH_0.1,03hr,VEH_0.1_03hr
MCW_SP_JT_R103_R1,87-1_CX-5461_0.1然_48hr,128449,Unmapped_Reads,female_3,Ind_3_87-1_female-3,CX-5461,0.1,48hr,87-1_CX-5461_0.1_48,CX-5461_0.1,48hr,CX-5461_0.1_48hr
MCW_SP_JT_R49_R1,90-1_CX-5461_0.1然_48hr,130307,Unmapped_Reads,Male_3,Ind_6_90-1_Male_3,CX-5461,0.1,48hr,90-1_CX-5461_0.1_48,CX-5461_0.1,48hr,CX-5461_0.1_48hr
MCW_SP_JT_R46_R1,90-1_DOX_0.5然_24hr,130397,Unmapped_Reads,Male_3,Ind_6_90-1_Male_3,DOX,0.5,24hr,90-1_DOX_0.5_24,DOX_0.5,24hr,DOX_0.5_24hr
MCW_SP_JT_R13_R1,17-3_CX-5461_0.1然_48hr,132712,Unmapped_Reads,Male_1,Ind_4_17-3_Male-1,CX-5461,0.1,48hr,17-3_CX-5461_0.1_48,CX-5461_0.1,48hr,CX-5461_0.1_48hr
MCW_SP_JT_R71_R1,75-1_VEH_0.1然_48hr,134089,Unmapped_Reads,female_1,Ind_1_75-1_female-1,VEH,0.1,48hr,75-1_VEH_0.1_48,VEH_0.1,48hr,VEH_0.1_48hr
MCW_SP_JT_R66_R1,75-1_VEH_0.5然_24hr,134924,Unmapped_Reads,female_1,Ind_1_75-1_female-1,VEH,0.5,24hr,75-1_VEH_0.5_24,VEH_0.5,24hr,VEH_0.5_24hr
MCW_SP_JT_R63_R1,75-1_DOX_0.1然_24hr,135829,Unmapped_Reads,female_1,Ind_1_75-1_female-1,DOX,0.1,24hr,75-1_DOX_0.1_24,DOX_0.1,24hr,DOX_0.1_24hr
MCW_SP_JT_R50_R1,90-1_CX-5461_0.5然_48hr,140867,Unmapped_Reads,Male_3,Ind_6_90-1_Male_3,CX-5461,0.5,48hr,90-1_CX-5461_0.5_48,CX-5461_0.5,48hr,CX-5461_0.5_48hr
MCW_SP_JT_R15_R1,17-3_DOX_0.1然_48hr,141509,Unmapped_Reads,Male_1,Ind_4_17-3_Male-1,DOX,0.1,48hr,17-3_DOX_0.1_48,DOX_0.1,48hr,DOX_0.1_48hr
MCW_SP_JT_R101_R1,87-1_VEH_0.1然_24hr,141525,Unmapped_Reads,female_3,Ind_3_87-1_female-3,VEH,0.1,24hr,87-1_VEH_0.1_24,VEH_0.1,24hr,VEH_0.1_24hr
MCW_SP_JT_R52_R1,90-1_DOX_0.5然_48hr,143342,Unmapped_Reads,Male_3,Ind_6_90-1_Male_3,DOX,0.5,48hr,90-1_DOX_0.5_48,DOX_0.5,48hr,DOX_0.5_48hr
MCW_SP_JT_R25_R1,84-1_CX-5461_0.1然_24hr,144075,Unmapped_Reads,Male_2,Ind_5_84-1_Male-2,CX-5461,0.1,24hr,84-1_CX-5461_0.1_24,CX-5461_0.1,24hr,CX-5461_0.1_24hr
MCW_SP_JT_R17_R1,17-3_VEH_0.1然_48hr,147178,Unmapped_Reads,Male_1,Ind_4_17-3_Male-1,VEH,0.1,48hr,17-3_VEH_0.1_48,VEH_0.1,48hr,VEH_0.1_48hr
MCW_SP_JT_R102_R1,87-1_VEH_0.5然_24hr,147266,Unmapped_Reads,female_3,Ind_3_87-1_female-3,VEH,0.5,24hr,87-1_VEH_0.5_24,VEH_0.5,24hr,VEH_0.5_24hr
MCW_SP_JT_R82_R1,78-1_DOX_0.5然_24hr,148615,Unmapped_Reads,female_2,Ind_2_78-1_female-2,DOX,0.5,24hr,78-1_DOX_0.5_24,DOX_0.5,24hr,DOX_0.5_24hr
MCW_SP_JT_R106_R1,87-1_DOX_0.5然_48hr,149092,Unmapped_Reads,female_3,Ind_3_87-1_female-3,DOX,0.5,48hr,87-1_DOX_0.5_48,DOX_0.5,48hr,DOX_0.5_48hr
MCW_SP_JT_R100_R1,87-1_DOX_0.5然_24hr,151999,Unmapped_Reads,female_3,Ind_3_87-1_female-3,DOX,0.5,24hr,87-1_DOX_0.5_24,DOX_0.5,24hr,DOX_0.5_24hr
MCW_SP_JT_R98_R1,87-1_CX-5461_0.5然_24hr,152470,Unmapped_Reads,female_3,Ind_3_87-1_female-3,CX-5461,0.5,24hr,87-1_CX-5461_0.5_24,CX-5461_0.5,24hr,CX-5461_0.5_24hr
MCW_SP_JT_R9_R1,17-3_DOX_0.1然_24hr,153743,Unmapped_Reads,Male_1,Ind_4_17-3_Male-1,DOX,0.1,24hr,17-3_DOX_0.1_24,DOX_0.1,24hr,DOX_0.1_24hr
MCW_SP_JT_R5_R1,17-3_VEH_0.1然_3hr,157479,Unmapped_Reads,Male_1,Ind_4_17-3_Male-1,VEH,0.1,03hr,17-3_VEH_0.1_3,VEH_0.1,03hr,VEH_0.1_03hr
MCW_SP_JT_R72_R1,75-1_VEH_0.5然_48hr,165053,Unmapped_Reads,female_1,Ind_1_75-1_female-1,VEH,0.5,48hr,75-1_VEH_0.5_48,VEH_0.5,48hr,VEH_0.5_48hr
MCW_SP_JT_R70_R1,75-1_DOX_0.5然_48hr,170914,Unmapped_Reads,female_1,Ind_1_75-1_female-1,DOX,0.5,48hr,75-1_DOX_0.5_48,DOX_0.5,48hr,DOX_0.5_48hr
MCW_SP_JT_R81_R1,78-1_DOX_0.1然_24hr,176452,Unmapped_Reads,female_2,Ind_2_78-1_female-2,DOX,0.1,24hr,78-1_DOX_0.1_24,DOX_0.1,24hr,DOX_0.1_24hr
MCW_SP_JT_R97_R1,87-1_CX-5461_0.1然_24hr,181215,Unmapped_Reads,female_3,Ind_3_87-1_female-3,CX-5461,0.1,24hr,87-1_CX-5461_0.1_24,CX-5461_0.1,24hr,CX-5461_0.1_24hr
MCW_SP_JT_R64_R1,75-1_DOX_0.5然_24hr,185251,Unmapped_Reads,female_1,Ind_1_75-1_female-1,DOX,0.5,24hr,75-1_DOX_0.5_24,DOX_0.5,24hr,DOX_0.5_24hr
MCW_SP_JT_R10_R1,17-3_DOX_0.5然_24hr,191149,Unmapped_Reads,Male_1,Ind_4_17-3_Male-1,DOX,0.5,24hr,17-3_DOX_0.5_24,DOX_0.5,24hr,DOX_0.5_24hr
MCW_SP_JT_R88_R1,78-1_DOX_0.5然_48hr,193295,Unmapped_Reads,female_2,Ind_2_78-1_female-2,DOX,0.5,48hr,78-1_DOX_0.5_48,DOX_0.5,48hr,DOX_0.5_48hr
MCW_SP_JT_R16_R1,17-3_DOX_0.5然_48hr,304963,Unmapped_Reads,Male_1,Ind_4_17-3_Male-1,DOX,0.5,48hr,17-3_DOX_0.5_48,DOX_0.5,48hr,DOX_0.5_48hr
MCW_SP_JT_R31_R1,84-1_CX-5461_0.1然_48hr,19033496,Mapped_Reads,Male_2,Ind_5_84-1_Male-2,CX-5461,0.1,48hr,84-1_CX-5461_0.1_48,CX-5461_0.1,48hr,CX-5461_0.1_48hr
MCW_SP_JT_R31_R1,84-1_CX-5461_0.1然_48hr,19091392,Combined,Male_2,Ind_5_84-1_Male-2,CX-5461,0.1,48hr,84-1_CX-5461_0.1_48,CX-5461_0.1,48hr,CX-5461_0.1_48hr
MCW_SP_JT_R43_R1,90-1_CX-5461_0.1然_24hr,19801671,Mapped_Reads,Male_3,Ind_6_90-1_Male_3,CX-5461,0.1,24hr,90-1_CX-5461_0.1_24,CX-5461_0.1,24hr,CX-5461_0.1_24hr
MCW_SP_JT_R43_R1,90-1_CX-5461_0.1然_24hr,19875321,Combined,Male_3,Ind_6_90-1_Male_3,CX-5461,0.1,24hr,90-1_CX-5461_0.1_24,CX-5461_0.1,24hr,CX-5461_0.1_24hr
MCW_SP_JT_R62_R1,75-1_CX-5461_0.5然_24hr,20256531,Mapped_Reads,female_1,Ind_1_75-1_female-1,CX-5461,0.5,24hr,75-1_CX-5461_0.5_24,CX-5461_0.5,24hr,CX-5461_0.5_24hr
MCW_SP_JT_R62_R1,75-1_CX-5461_0.5然_24hr,20339349,Combined,female_1,Ind_1_75-1_female-1,CX-5461,0.5,24hr,75-1_CX-5461_0.5_24,CX-5461_0.5,24hr,CX-5461_0.5_24hr
MCW_SP_JT_R58_R1,75-1_DOX_0.5然_3hr,20889820,Mapped_Reads,female_1,Ind_1_75-1_female-1,DOX,0.5,03hr,75-1_DOX_0.5_3,DOX_0.5,03hr,DOX_0.5_03hr
MCW_SP_JT_R58_R1,75-1_DOX_0.5然_3hr,20965334,Combined,female_1,Ind_1_75-1_female-1,DOX,0.5,03hr,75-1_DOX_0.5_3,DOX_0.5,03hr,DOX_0.5_03hr
MCW_SP_JT_R35_R1,84-1_VEH_0.1然_48hr,21077512,Mapped_Reads,Male_2,Ind_5_84-1_Male-2,VEH,0.1,48hr,84-1_VEH_0.1_48,VEH_0.1,48hr,VEH_0.1_48hr
MCW_SP_JT_R35_R1,84-1_VEH_0.1然_48hr,21163374,Combined,Male_2,Ind_5_84-1_Male-2,VEH,0.1,48hr,84-1_VEH_0.1_48,VEH_0.1,48hr,VEH_0.1_48hr
MCW_SP_JT_R37_R1,90-1_CX-5461_0.1然_3hr,21729878,Mapped_Reads,Male_3,Ind_6_90-1_Male_3,CX-5461,0.1,03hr,90-1_CX-5461_0.1_3,CX-5461_0.1,03hr,CX-5461_0.1_03hr
MCW_SP_JT_R37_R1,90-1_CX-5461_0.1然_3hr,21812660,Combined,Male_3,Ind_6_90-1_Male_3,CX-5461,0.1,03hr,90-1_CX-5461_0.1_3,CX-5461_0.1,03hr,CX-5461_0.1_03hr
MCW_SP_JT_R80_R1,78-1_CX-5461_0.5然_24hr,22145161,Mapped_Reads,female_2,Ind_2_78-1_female-2,CX-5461,0.5,24hr,78-1_CX-5461_0.5_24,CX-5461_0.5,24hr,CX-5461_0.5_24hr
MCW_SP_JT_R12_R1,17-3_VEH_0.5然_24hr,22196312,Mapped_Reads,Male_1,Ind_4_17-3_Male-1,VEH,0.5,24hr,17-3_VEH_0.5_24,VEH_0.5,24hr,VEH_0.5_24hr
MCW_SP_JT_R80_R1,78-1_CX-5461_0.5然_24hr,22222473,Combined,female_2,Ind_2_78-1_female-2,CX-5461,0.5,24hr,78-1_CX-5461_0.5_24,CX-5461_0.5,24hr,CX-5461_0.5_24hr
MCW_SP_JT_R12_R1,17-3_VEH_0.5然_24hr,22279072,Combined,Male_1,Ind_4_17-3_Male-1,VEH,0.5,24hr,17-3_VEH_0.5_24,VEH_0.5,24hr,VEH_0.5_24hr
MCW_SP_JT_R29_R1,84-1_VEH_0.1然_24hr,22713170,Mapped_Reads,Male_2,Ind_5_84-1_Male-2,VEH,0.1,24hr,84-1_VEH_0.1_24,VEH_0.1,24hr,VEH_0.1_24hr
MCW_SP_JT_R29_R1,84-1_VEH_0.1然_24hr,22793793,Combined,Male_2,Ind_5_84-1_Male-2,VEH,0.1,24hr,84-1_VEH_0.1_24,VEH_0.1,24hr,VEH_0.1_24hr
MCW_SP_JT_R34_R1,84-1_DOX_0.5然_48hr,22824045,Mapped_Reads,Male_2,Ind_5_84-1_Male-2,DOX,0.5,48hr,84-1_DOX_0.5_48,DOX_0.5,48hr,DOX_0.5_48hr
MCW_SP_JT_R33_R1,84-1_DOX_0.1然_48hr,22840419,Mapped_Reads,Male_2,Ind_5_84-1_Male-2,DOX,0.1,48hr,84-1_DOX_0.1_48,DOX_0.1,48hr,DOX_0.1_48hr
MCW_SP_JT_R82_R1,78-1_DOX_0.5然_24hr,22852247,Mapped_Reads,female_2,Ind_2_78-1_female-2,DOX,0.5,24hr,78-1_DOX_0.5_24,DOX_0.5,24hr,DOX_0.5_24hr
MCW_SP_JT_R34_R1,84-1_DOX_0.5然_48hr,22924226,Combined,Male_2,Ind_5_84-1_Male-2,DOX,0.5,48hr,84-1_DOX_0.5_48,DOX_0.5,48hr,DOX_0.5_48hr
MCW_SP_JT_R33_R1,84-1_DOX_0.1然_48hr,22948073,Combined,Male_2,Ind_5_84-1_Male-2,DOX,0.1,48hr,84-1_DOX_0.1_48,DOX_0.1,48hr,DOX_0.1_48hr
MCW_SP_JT_R82_R1,78-1_DOX_0.5然_24hr,23000862,Combined,female_2,Ind_2_78-1_female-2,DOX,0.5,24hr,78-1_DOX_0.5_24,DOX_0.5,24hr,DOX_0.5_24hr
MCW_SP_JT_R95_R1,87-1_VEH_0.1然_3hr,23260158,Mapped_Reads,female_3,Ind_3_87-1_female-3,VEH,0.1,03hr,87-1_VEH_0.1_3,VEH_0.1,03hr,VEH_0.1_03hr
MCW_SP_JT_R51_R1,90-1_DOX_0.1然_48hr,23287612,Mapped_Reads,Male_3,Ind_6_90-1_Male_3,DOX,0.1,48hr,90-1_DOX_0.1_48,DOX_0.1,48hr,DOX_0.1_48hr
MCW_SP_JT_R79_R1,78-1_CX-5461_0.1然_24hr,23352662,Mapped_Reads,female_2,Ind_2_78-1_female-2,CX-5461,0.1,24hr,78-1_CX-5461_0.1_24,CX-5461_0.1,24hr,CX-5461_0.1_24hr
MCW_SP_JT_R95_R1,87-1_VEH_0.1然_3hr,23357338,Combined,female_3,Ind_3_87-1_female-3,VEH,0.1,03hr,87-1_VEH_0.1_3,VEH_0.1,03hr,VEH_0.1_03hr
MCW_SP_JT_R51_R1,90-1_DOX_0.1然_48hr,23383483,Combined,Male_3,Ind_6_90-1_Male_3,DOX,0.1,48hr,90-1_DOX_0.1_48,DOX_0.1,48hr,DOX_0.1_48hr
MCW_SP_JT_R79_R1,78-1_CX-5461_0.1然_24hr,23435852,Combined,female_2,Ind_2_78-1_female-2,CX-5461,0.1,24hr,78-1_CX-5461_0.1_24,CX-5461_0.1,24hr,CX-5461_0.1_24hr
MCW_SP_JT_R45_R1,90-1_DOX_0.1然_24hr,23450929,Mapped_Reads,Male_3,Ind_6_90-1_Male_3,DOX,0.1,24hr,90-1_DOX_0.1_24,DOX_0.1,24hr,DOX_0.1_24hr
MCW_SP_JT_R54_R1,90-1_VEH_0.5然_48hr,23539828,Mapped_Reads,Male_3,Ind_6_90-1_Male_3,VEH,0.5,48hr,90-1_VEH_0.5_48,VEH_0.5,48hr,VEH_0.5_48hr
MCW_SP_JT_R45_R1,90-1_DOX_0.1然_24hr,23547817,Combined,Male_3,Ind_6_90-1_Male_3,DOX,0.1,24hr,90-1_DOX_0.1_24,DOX_0.1,24hr,DOX_0.1_24hr
MCW_SP_JT_R19_R1,84-1_CX-5461_0.1然_3hr,23596812,Mapped_Reads,Male_2,Ind_5_84-1_Male-2,CX-5461,0.1,03hr,84-1_CX-5461_0.1_3,CX-5461_0.1,03hr,CX-5461_0.1_03hr
MCW_SP_JT_R54_R1,90-1_VEH_0.5然_48hr,23634711,Combined,Male_3,Ind_6_90-1_Male_3,VEH,0.5,48hr,90-1_VEH_0.5_48,VEH_0.5,48hr,VEH_0.5_48hr
MCW_SP_JT_R44_R1,90-1_CX-5461_0.5然_24hr,23690225,Mapped_Reads,Male_3,Ind_6_90-1_Male_3,CX-5461,0.5,24hr,90-1_CX-5461_0.5_24,CX-5461_0.5,24hr,CX-5461_0.5_24hr
MCW_SP_JT_R19_R1,84-1_CX-5461_0.1然_3hr,23703478,Combined,Male_2,Ind_5_84-1_Male-2,CX-5461,0.1,03hr,84-1_CX-5461_0.1_3,CX-5461_0.1,03hr,CX-5461_0.1_03hr
MCW_SP_JT_R36_R1,84-1_VEH_0.5然_48hr,23783420,Mapped_Reads,Male_2,Ind_5_84-1_Male-2,VEH,0.5,48hr,84-1_VEH_0.5_48,VEH_0.5,48hr,VEH_0.5_48hr
MCW_SP_JT_R44_R1,90-1_CX-5461_0.5然_24hr,23786432,Combined,Male_3,Ind_6_90-1_Male_3,CX-5461,0.5,24hr,90-1_CX-5461_0.5_24,CX-5461_0.5,24hr,CX-5461_0.5_24hr
MCW_SP_JT_R36_R1,84-1_VEH_0.5然_48hr,23885334,Combined,Male_2,Ind_5_84-1_Male-2,VEH,0.5,48hr,84-1_VEH_0.5_48,VEH_0.5,48hr,VEH_0.5_48hr
MCW_SP_JT_R14_R1,17-3_CX-5461_0.5然_48hr,23948060,Mapped_Reads,Male_1,Ind_4_17-3_Male-1,CX-5461,0.5,48hr,17-3_CX-5461_0.5_48,CX-5461_0.5,48hr,CX-5461_0.5_48hr
MCW_SP_JT_R11_R1,17-3_VEH_0.1然_24hr,23996454,Mapped_Reads,Male_1,Ind_4_17-3_Male-1,VEH,0.1,24hr,17-3_VEH_0.1_24,VEH_0.1,24hr,VEH_0.1_24hr
MCW_SP_JT_R78_R1,78-1_VEH_0.5然_3hr,24002778,Mapped_Reads,female_2,Ind_2_78-1_female-2,VEH,0.5,03hr,78-1_VEH_0.5_3,VEH_0.5,03hr,VEH_0.5_03hr
MCW_SP_JT_R14_R1,17-3_CX-5461_0.5然_48hr,24040310,Combined,Male_1,Ind_4_17-3_Male-1,CX-5461,0.5,48hr,17-3_CX-5461_0.5_48,CX-5461_0.5,48hr,CX-5461_0.5_48hr
MCW_SP_JT_R11_R1,17-3_VEH_0.1然_24hr,24090740,Combined,Male_1,Ind_4_17-3_Male-1,VEH,0.1,24hr,17-3_VEH_0.1_24,VEH_0.1,24hr,VEH_0.1_24hr
MCW_SP_JT_R78_R1,78-1_VEH_0.5然_3hr,24092739,Combined,female_2,Ind_2_78-1_female-2,VEH,0.5,03hr,78-1_VEH_0.5_3,VEH_0.5,03hr,VEH_0.5_03hr
MCW_SP_JT_R42_R1,90-1_VEH_0.5然_3hr,24126181,Mapped_Reads,Male_3,Ind_6_90-1_Male_3,VEH,0.5,03hr,90-1_VEH_0.5_3,VEH_0.5,03hr,VEH_0.5_03hr
MCW_SP_JT_R38_R1,90-1_CX-5461_0.5然_3hr,24155026,Mapped_Reads,Male_3,Ind_6_90-1_Male_3,CX-5461,0.5,03hr,90-1_CX-5461_0.5_3,CX-5461_0.5,03hr,CX-5461_0.5_03hr
MCW_SP_JT_R20_R1,84-1_CX-5461_0.5然_3hr,24164670,Mapped_Reads,Male_2,Ind_5_84-1_Male-2,CX-5461,0.5,03hr,84-1_CX-5461_0.5_3,CX-5461_0.5,03hr,CX-5461_0.5_03hr
MCW_SP_JT_R8_R1,17-3_CX-5461_0.5然_24hr,24223665,Mapped_Reads,Male_1,Ind_4_17-3_Male-1,CX-5461,0.5,24hr,17-3_CX-5461_0.5_24,CX-5461_0.5,24hr,CX-5461_0.5_24hr
MCW_SP_JT_R42_R1,90-1_VEH_0.5然_3hr,24226006,Combined,Male_3,Ind_6_90-1_Male_3,VEH,0.5,03hr,90-1_VEH_0.5_3,VEH_0.5,03hr,VEH_0.5_03hr
MCW_SP_JT_R38_R1,90-1_CX-5461_0.5然_3hr,24248017,Combined,Male_3,Ind_6_90-1_Male_3,CX-5461,0.5,03hr,90-1_CX-5461_0.5_3,CX-5461_0.5,03hr,CX-5461_0.5_03hr
MCW_SP_JT_R20_R1,84-1_CX-5461_0.5然_3hr,24254996,Combined,Male_2,Ind_5_84-1_Male-2,CX-5461,0.5,03hr,84-1_CX-5461_0.5_3,CX-5461_0.5,03hr,CX-5461_0.5_03hr
MCW_SP_JT_R83_R1,78-1_VEH_0.1然_24hr,24300857,Mapped_Reads,female_2,Ind_2_78-1_female-2,VEH,0.1,24hr,78-1_VEH_0.1_24,VEH_0.1,24hr,VEH_0.1_24hr
MCW_SP_JT_R3_R1,17-3_DOX_0.1然_3hr,24308481,Mapped_Reads,Male_1,Ind_4_17-3_Male-1,DOX,0.1,03hr,17-3_DOX_0.1_3,DOX_0.1,03hr,DOX_0.1_03hr
MCW_SP_JT_R8_R1,17-3_CX-5461_0.5然_24hr,24324819,Combined,Male_1,Ind_4_17-3_Male-1,CX-5461,0.5,24hr,17-3_CX-5461_0.5_24,CX-5461_0.5,24hr,CX-5461_0.5_24hr
MCW_SP_JT_R83_R1,78-1_VEH_0.1然_24hr,24392032,Combined,female_2,Ind_2_78-1_female-2,VEH,0.1,24hr,78-1_VEH_0.1_24,VEH_0.1,24hr,VEH_0.1_24hr
MCW_SP_JT_R3_R1,17-3_DOX_0.1然_3hr,24396879,Combined,Male_1,Ind_4_17-3_Male-1,DOX,0.1,03hr,17-3_DOX_0.1_3,DOX_0.1,03hr,DOX_0.1_03hr
MCW_SP_JT_R88_R1,78-1_DOX_0.5然_48hr,24455009,Mapped_Reads,female_2,Ind_2_78-1_female-2,DOX,0.5,48hr,78-1_DOX_0.5_48,DOX_0.5,48hr,DOX_0.5_48hr
MCW_SP_JT_R18_R1,17-3_VEH_0.5然_48hr,24564863,Mapped_Reads,Male_1,Ind_4_17-3_Male-1,VEH,0.5,48hr,17-3_VEH_0.5_48,VEH_0.5,48hr,VEH_0.5_48hr
MCW_SP_JT_R21_R1,84-1_DOX_0.1然_3hr,24576654,Mapped_Reads,Male_2,Ind_5_84-1_Male-2,DOX,0.1,03hr,84-1_DOX_0.1_3,DOX_0.1,03hr,DOX_0.1_03hr
MCW_SP_JT_R88_R1,78-1_DOX_0.5然_48hr,24648304,Combined,female_2,Ind_2_78-1_female-2,DOX,0.5,48hr,78-1_DOX_0.5_48,DOX_0.5,48hr,DOX_0.5_48hr
MCW_SP_JT_R18_R1,17-3_VEH_0.5然_48hr,24661341,Combined,Male_1,Ind_4_17-3_Male-1,VEH,0.5,48hr,17-3_VEH_0.5_48,VEH_0.5,48hr,VEH_0.5_48hr
MCW_SP_JT_R21_R1,84-1_DOX_0.1然_3hr,24669478,Combined,Male_2,Ind_5_84-1_Male-2,DOX,0.1,03hr,84-1_DOX_0.1_3,DOX_0.1,03hr,DOX_0.1_03hr
MCW_SP_JT_R50_R1,90-1_CX-5461_0.5然_48hr,24781377,Mapped_Reads,Male_3,Ind_6_90-1_Male_3,CX-5461,0.5,48hr,90-1_CX-5461_0.5_48,CX-5461_0.5,48hr,CX-5461_0.5_48hr
MCW_SP_JT_R24_R1,84-1_VEH_0.5然_3hr,24849849,Mapped_Reads,Male_2,Ind_5_84-1_Male-2,VEH,0.5,03hr,84-1_VEH_0.5_3,VEH_0.5,03hr,VEH_0.5_03hr
MCW_SP_JT_R50_R1,90-1_CX-5461_0.5然_48hr,24922244,Combined,Male_3,Ind_6_90-1_Male_3,CX-5461,0.5,48hr,90-1_CX-5461_0.5_48,CX-5461_0.5,48hr,CX-5461_0.5_48hr
MCW_SP_JT_R69_R1,75-1_DOX_0.1然_48hr,24924101,Mapped_Reads,female_1,Ind_1_75-1_female-1,DOX,0.1,48hr,75-1_DOX_0.1_48,DOX_0.1,48hr,DOX_0.1_48hr
MCW_SP_JT_R24_R1,84-1_VEH_0.5然_3hr,24950413,Combined,Male_2,Ind_5_84-1_Male-2,VEH,0.5,03hr,84-1_VEH_0.5_3,VEH_0.5,03hr,VEH_0.5_03hr
MCW_SP_JT_R69_R1,75-1_DOX_0.1然_48hr,25012593,Combined,female_1,Ind_1_75-1_female-1,DOX,0.1,48hr,75-1_DOX_0.1_48,DOX_0.1,48hr,DOX_0.1_48hr
MCW_SP_JT_R84_R1,78-1_VEH_0.5然_24hr,25141721,Mapped_Reads,female_2,Ind_2_78-1_female-2,VEH,0.5,24hr,78-1_VEH_0.5_24,VEH_0.5,24hr,VEH_0.5_24hr
MCW_SP_JT_R90_R1,78-1_VEH_0.5然_48hr,25142264,Mapped_Reads,female_2,Ind_2_78-1_female-2,VEH,0.5,48hr,78-1_VEH_0.5_48,VEH_0.5,48hr,VEH_0.5_48hr
MCW_SP_JT_R86_R1,78-1_CX-5461_0.5然_48hr,25201260,Mapped_Reads,female_2,Ind_2_78-1_female-2,CX-5461,0.5,48hr,78-1_CX-5461_0.5_48,CX-5461_0.5,48hr,CX-5461_0.5_48hr
MCW_SP_JT_R84_R1,78-1_VEH_0.5然_24hr,25236026,Combined,female_2,Ind_2_78-1_female-2,VEH,0.5,24hr,78-1_VEH_0.5_24,VEH_0.5,24hr,VEH_0.5_24hr
MCW_SP_JT_R90_R1,78-1_VEH_0.5然_48hr,25255222,Combined,female_2,Ind_2_78-1_female-2,VEH,0.5,48hr,78-1_VEH_0.5_48,VEH_0.5,48hr,VEH_0.5_48hr
MCW_SP_JT_R22_R1,84-1_DOX_0.5然_3hr,25255418,Mapped_Reads,Male_2,Ind_5_84-1_Male-2,DOX,0.5,03hr,84-1_DOX_0.5_3,DOX_0.5,03hr,DOX_0.5_03hr
MCW_SP_JT_R86_R1,78-1_CX-5461_0.5然_48hr,25293531,Combined,female_2,Ind_2_78-1_female-2,CX-5461,0.5,48hr,78-1_CX-5461_0.5_48,CX-5461_0.5,48hr,CX-5461_0.5_48hr
MCW_SP_JT_R10_R1,17-3_DOX_0.5然_24hr,25345827,Mapped_Reads,Male_1,Ind_4_17-3_Male-1,DOX,0.5,24hr,17-3_DOX_0.5_24,DOX_0.5,24hr,DOX_0.5_24hr
MCW_SP_JT_R22_R1,84-1_DOX_0.5然_3hr,25357627,Combined,Male_2,Ind_5_84-1_Male-2,DOX,0.5,03hr,84-1_DOX_0.5_3,DOX_0.5,03hr,DOX_0.5_03hr
MCW_SP_JT_R70_R1,75-1_DOX_0.5然_48hr,25384728,Mapped_Reads,female_1,Ind_1_75-1_female-1,DOX,0.5,48hr,75-1_DOX_0.5_48,DOX_0.5,48hr,DOX_0.5_48hr
MCW_SP_JT_R10_R1,17-3_DOX_0.5然_24hr,25536976,Combined,Male_1,Ind_4_17-3_Male-1,DOX,0.5,24hr,17-3_DOX_0.5_24,DOX_0.5,24hr,DOX_0.5_24hr
MCW_SP_JT_R70_R1,75-1_DOX_0.5然_48hr,25555642,Combined,female_1,Ind_1_75-1_female-1,DOX,0.5,48hr,75-1_DOX_0.5_48,DOX_0.5,48hr,DOX_0.5_48hr
MCW_SP_JT_R28_R1,84-1_DOX_0.5然_24hr,25661544,Mapped_Reads,Male_2,Ind_5_84-1_Male-2,DOX,0.5,24hr,84-1_DOX_0.5_24,DOX_0.5,24hr,DOX_0.5_24hr
MCW_SP_JT_R53_R1,90-1_VEH_0.1然_48hr,25698484,Mapped_Reads,Male_3,Ind_6_90-1_Male_3,VEH,0.1,48hr,90-1_VEH_0.1_48,VEH_0.1,48hr,VEH_0.1_48hr
MCW_SP_JT_R68_R1,75-1_CX-5461_0.5然_48hr,25766199,Mapped_Reads,female_1,Ind_1_75-1_female-1,CX-5461,0.5,48hr,75-1_CX-5461_0.5_48,CX-5461_0.5,48hr,CX-5461_0.5_48hr
MCW_SP_JT_R28_R1,84-1_DOX_0.5然_24hr,25786351,Combined,Male_2,Ind_5_84-1_Male-2,DOX,0.5,24hr,84-1_DOX_0.5_24,DOX_0.5,24hr,DOX_0.5_24hr
MCW_SP_JT_R53_R1,90-1_VEH_0.1然_48hr,25800219,Combined,Male_3,Ind_6_90-1_Male_3,VEH,0.1,48hr,90-1_VEH_0.1_48,VEH_0.1,48hr,VEH_0.1_48hr
MCW_SP_JT_R23_R1,84-1_VEH_0.1然_3hr,25819215,Mapped_Reads,Male_2,Ind_5_84-1_Male-2,VEH,0.1,03hr,84-1_VEH_0.1_3,VEH_0.1,03hr,VEH_0.1_03hr
MCW_SP_JT_R87_R1,78-1_DOX_0.1然_48hr,25853198,Mapped_Reads,female_2,Ind_2_78-1_female-2,DOX,0.1,48hr,78-1_DOX_0.1_48,DOX_0.1,48hr,DOX_0.1_48hr
MCW_SP_JT_R57_R1,75-1_DOX_0.1然_3hr,25870176,Mapped_Reads,female_1,Ind_1_75-1_female-1,DOX,0.1,03hr,75-1_DOX_0.1_3,DOX_0.1,03hr,DOX_0.1_03hr
MCW_SP_JT_R68_R1,75-1_CX-5461_0.5然_48hr,25884985,Combined,female_1,Ind_1_75-1_female-1,CX-5461,0.5,48hr,75-1_CX-5461_0.5_48,CX-5461_0.5,48hr,CX-5461_0.5_48hr
MCW_SP_JT_R23_R1,84-1_VEH_0.1然_3hr,25918657,Combined,Male_2,Ind_5_84-1_Male-2,VEH,0.1,03hr,84-1_VEH_0.1_3,VEH_0.1,03hr,VEH_0.1_03hr
MCW_SP_JT_R75_R1,78-1_DOX_0.1然_3hr,25919512,Mapped_Reads,female_2,Ind_2_78-1_female-2,DOX,0.1,03hr,78-1_DOX_0.1_3,DOX_0.1,03hr,DOX_0.1_03hr
MCW_SP_JT_R2_R1,17-3_CX-5461_0.5然_3hr,25930597,Mapped_Reads,Male_1,Ind_4_17-3_Male-1,CX-5461,0.5,03hr,17-3_CX-5461_0.5_3,CX-5461_0.5,03hr,CX-5461_0.5_03hr
MCW_SP_JT_R74_R1,78-1_CX-5461_0.5然_3hr,25953768,Mapped_Reads,female_2,Ind_2_78-1_female-2,CX-5461,0.5,03hr,78-1_CX-5461_0.5_3,CX-5461_0.5,03hr,CX-5461_0.5_03hr
MCW_SP_JT_R87_R1,78-1_DOX_0.1然_48hr,25957278,Combined,female_2,Ind_2_78-1_female-2,DOX,0.1,48hr,78-1_DOX_0.1_48,DOX_0.1,48hr,DOX_0.1_48hr
MCW_SP_JT_R57_R1,75-1_DOX_0.1然_3hr,25985094,Combined,female_1,Ind_1_75-1_female-1,DOX,0.1,03hr,75-1_DOX_0.1_3,DOX_0.1,03hr,DOX_0.1_03hr
MCW_SP_JT_R75_R1,78-1_DOX_0.1然_3hr,26013166,Combined,female_2,Ind_2_78-1_female-2,DOX,0.1,03hr,78-1_DOX_0.1_3,DOX_0.1,03hr,DOX_0.1_03hr
MCW_SP_JT_R2_R1,17-3_CX-5461_0.5然_3hr,26034847,Combined,Male_1,Ind_4_17-3_Male-1,CX-5461,0.5,03hr,17-3_CX-5461_0.5_3,CX-5461_0.5,03hr,CX-5461_0.5_03hr
MCW_SP_JT_R74_R1,78-1_CX-5461_0.5然_3hr,26046467,Combined,female_2,Ind_2_78-1_female-2,CX-5461,0.5,03hr,78-1_CX-5461_0.5_3,CX-5461_0.5,03hr,CX-5461_0.5_03hr
MCW_SP_JT_R30_R1,84-1_VEH_0.5然_24hr,26164243,Mapped_Reads,Male_2,Ind_5_84-1_Male-2,VEH,0.5,24hr,84-1_VEH_0.5_24,VEH_0.5,24hr,VEH_0.5_24hr
MCW_SP_JT_R108_R1,87-1_VEH_0.5然_48hr,26179388,Mapped_Reads,female_3,Ind_3_87-1_female-3,VEH,0.5,48hr,87-1_VEH_0.5_48,VEH_0.5,48hr,VEH_0.5_48hr
MCW_SP_JT_R41_R1,90-1_VEH_0.1然_3hr,26235186,Mapped_Reads,Male_3,Ind_6_90-1_Male_3,VEH,0.1,03hr,90-1_VEH_0.1_3,VEH_0.1,03hr,VEH_0.1_03hr
MCW_SP_JT_R46_R1,90-1_DOX_0.5然_24hr,26265419,Mapped_Reads,Male_3,Ind_6_90-1_Male_3,DOX,0.5,24hr,90-1_DOX_0.5_24,DOX_0.5,24hr,DOX_0.5_24hr
MCW_SP_JT_R30_R1,84-1_VEH_0.5然_24hr,26268599,Combined,Male_2,Ind_5_84-1_Male-2,VEH,0.5,24hr,84-1_VEH_0.5_24,VEH_0.5,24hr,VEH_0.5_24hr
MCW_SP_JT_R108_R1,87-1_VEH_0.5然_48hr,26292428,Combined,female_3,Ind_3_87-1_female-3,VEH,0.5,48hr,87-1_VEH_0.5_48,VEH_0.5,48hr,VEH_0.5_48hr
MCW_SP_JT_R91_R1,87-1_CX-5461_0.1然_3hr,26311164,Mapped_Reads,female_3,Ind_3_87-1_female-3,CX-5461,0.1,03hr,87-1_CX-5461_0.1_3,CX-5461_0.1,03hr,CX-5461_0.1_03hr
MCW_SP_JT_R41_R1,90-1_VEH_0.1然_3hr,26338509,Combined,Male_3,Ind_6_90-1_Male_3,VEH,0.1,03hr,90-1_VEH_0.1_3,VEH_0.1,03hr,VEH_0.1_03hr
MCW_SP_JT_R93_R1,87-1_DOX_0.1然_3hr,26371297,Mapped_Reads,female_3,Ind_3_87-1_female-3,DOX,0.1,03hr,87-1_DOX_0.1_3,DOX_0.1,03hr,DOX_0.1_03hr
MCW_SP_JT_R46_R1,90-1_DOX_0.5然_24hr,26395816,Combined,Male_3,Ind_6_90-1_Male_3,DOX,0.5,24hr,90-1_DOX_0.5_24,DOX_0.5,24hr,DOX_0.5_24hr
MCW_SP_JT_R91_R1,87-1_CX-5461_0.1然_3hr,26408649,Combined,female_3,Ind_3_87-1_female-3,CX-5461,0.1,03hr,87-1_CX-5461_0.1_3,CX-5461_0.1,03hr,CX-5461_0.1_03hr
MCW_SP_JT_R93_R1,87-1_DOX_0.1然_3hr,26472373,Combined,female_3,Ind_3_87-1_female-3,DOX,0.1,03hr,87-1_DOX_0.1_3,DOX_0.1,03hr,DOX_0.1_03hr
MCW_SP_JT_R104_R1,87-1_CX-5461_0.5然_48hr,26543883,Mapped_Reads,female_3,Ind_3_87-1_female-3,CX-5461,0.5,48hr,87-1_CX-5461_0.5_48,CX-5461_0.5,48hr,CX-5461_0.5_48hr
MCW_SP_JT_R4_R1,17-3_DOX_0.5然_3hr,26548523,Mapped_Reads,Male_1,Ind_4_17-3_Male-1,DOX,0.5,03hr,17-3_DOX_0.5_3,DOX_0.5,03hr,DOX_0.5_03hr
MCW_SP_JT_R26_R1,84-1_CX-5461_0.5然_24hr,26594390,Mapped_Reads,Male_2,Ind_5_84-1_Male-2,CX-5461,0.5,24hr,84-1_CX-5461_0.5_24,CX-5461_0.5,24hr,CX-5461_0.5_24hr
MCW_SP_JT_R4_R1,17-3_DOX_0.5然_3hr,26644233,Combined,Male_1,Ind_4_17-3_Male-1,DOX,0.5,03hr,17-3_DOX_0.5_3,DOX_0.5,03hr,DOX_0.5_03hr
MCW_SP_JT_R104_R1,87-1_CX-5461_0.5然_48hr,26647329,Combined,female_3,Ind_3_87-1_female-3,CX-5461,0.5,48hr,87-1_CX-5461_0.5_48,CX-5461_0.5,48hr,CX-5461_0.5_48hr
MCW_SP_JT_R59_R1,75-1_VEH_0.1然_3hr,26655617,Mapped_Reads,female_1,Ind_1_75-1_female-1,VEH,0.1,03hr,75-1_VEH_0.1_3,VEH_0.1,03hr,VEH_0.1_03hr
MCW_SP_JT_R48_R1,90-1_VEH_0.5然_24hr,26696209,Mapped_Reads,Male_3,Ind_6_90-1_Male_3,VEH,0.5,24hr,90-1_VEH_0.5_24,VEH_0.5,24hr,VEH_0.5_24hr
MCW_SP_JT_R26_R1,84-1_CX-5461_0.5然_24hr,26696949,Combined,Male_2,Ind_5_84-1_Male-2,CX-5461,0.5,24hr,84-1_CX-5461_0.5_24,CX-5461_0.5,24hr,CX-5461_0.5_24hr
MCW_SP_JT_R6_R1,17-3_VEH_0.5然_3hr,26704184,Mapped_Reads,Male_1,Ind_4_17-3_Male-1,VEH,0.5,03hr,17-3_VEH_0.5_3,VEH_0.5,03hr,VEH_0.5_03hr
MCW_SP_JT_R59_R1,75-1_VEH_0.1然_3hr,26759340,Combined,female_1,Ind_1_75-1_female-1,VEH,0.1,03hr,75-1_VEH_0.1_3,VEH_0.1,03hr,VEH_0.1_03hr
MCW_SP_JT_R48_R1,90-1_VEH_0.5然_24hr,26809721,Combined,Male_3,Ind_6_90-1_Male_3,VEH,0.5,24hr,90-1_VEH_0.5_24,VEH_0.5,24hr,VEH_0.5_24hr
MCW_SP_JT_R6_R1,17-3_VEH_0.5然_3hr,26811018,Combined,Male_1,Ind_4_17-3_Male-1,VEH,0.5,03hr,17-3_VEH_0.5_3,VEH_0.5,03hr,VEH_0.5_03hr
MCW_SP_JT_R52_R1,90-1_DOX_0.5然_48hr,26865701,Mapped_Reads,Male_3,Ind_6_90-1_Male_3,DOX,0.5,48hr,90-1_DOX_0.5_48,DOX_0.5,48hr,DOX_0.5_48hr
MCW_SP_JT_R27_R1,84-1_DOX_0.1然_24hr,26879580,Mapped_Reads,Male_2,Ind_5_84-1_Male-2,DOX,0.1,24hr,84-1_DOX_0.1_24,DOX_0.1,24hr,DOX_0.1_24hr
MCW_SP_JT_R106_R1,87-1_DOX_0.5然_48hr,26987891,Mapped_Reads,female_3,Ind_3_87-1_female-3,DOX,0.5,48hr,87-1_DOX_0.5_48,DOX_0.5,48hr,DOX_0.5_48hr
MCW_SP_JT_R27_R1,84-1_DOX_0.1然_24hr,26990105,Combined,Male_2,Ind_5_84-1_Male-2,DOX,0.1,24hr,84-1_DOX_0.1_24,DOX_0.1,24hr,DOX_0.1_24hr
MCW_SP_JT_R7_R1,17-3_CX-5461_0.1然_24hr,27006362,Mapped_Reads,Male_1,Ind_4_17-3_Male-1,CX-5461,0.1,24hr,17-3_CX-5461_0.1_24,CX-5461_0.1,24hr,CX-5461_0.1_24hr
MCW_SP_JT_R52_R1,90-1_DOX_0.5然_48hr,27009043,Combined,Male_3,Ind_6_90-1_Male_3,DOX,0.5,48hr,90-1_DOX_0.5_48,DOX_0.5,48hr,DOX_0.5_48hr
MCW_SP_JT_R92_R1,87-1_CX-5461_0.5然_3hr,27013630,Mapped_Reads,female_3,Ind_3_87-1_female-3,CX-5461,0.5,03hr,87-1_CX-5461_0.5_3,CX-5461_0.5,03hr,CX-5461_0.5_03hr
MCW_SP_JT_R13_R1,17-3_CX-5461_0.1然_48hr,27032313,Mapped_Reads,Male_1,Ind_4_17-3_Male-1,CX-5461,0.1,48hr,17-3_CX-5461_0.1_48,CX-5461_0.1,48hr,CX-5461_0.1_48hr
MCW_SP_JT_R107_R1,87-1_VEH_0.1然_48hr,27058790,Mapped_Reads,female_3,Ind_3_87-1_female-3,VEH,0.1,48hr,87-1_VEH_0.1_48,VEH_0.1,48hr,VEH_0.1_48hr
MCW_SP_JT_R39_R1,90-1_DOX_0.1然_3hr,27090451,Mapped_Reads,Male_3,Ind_6_90-1_Male_3,DOX,0.1,03hr,90-1_DOX_0.1_3,DOX_0.1,03hr,DOX_0.1_03hr
MCW_SP_JT_R7_R1,17-3_CX-5461_0.1然_24hr,27120658,Combined,Male_1,Ind_4_17-3_Male-1,CX-5461,0.1,24hr,17-3_CX-5461_0.1_24,CX-5461_0.1,24hr,CX-5461_0.1_24hr
MCW_SP_JT_R92_R1,87-1_CX-5461_0.5然_3hr,27125467,Combined,female_3,Ind_3_87-1_female-3,CX-5461,0.5,03hr,87-1_CX-5461_0.5_3,CX-5461_0.5,03hr,CX-5461_0.5_03hr
MCW_SP_JT_R106_R1,87-1_DOX_0.5然_48hr,27136983,Combined,female_3,Ind_3_87-1_female-3,DOX,0.5,48hr,87-1_DOX_0.5_48,DOX_0.5,48hr,DOX_0.5_48hr
MCW_SP_JT_R107_R1,87-1_VEH_0.1然_48hr,27151642,Combined,female_3,Ind_3_87-1_female-3,VEH,0.1,48hr,87-1_VEH_0.1_48,VEH_0.1,48hr,VEH_0.1_48hr
MCW_SP_JT_R13_R1,17-3_CX-5461_0.1然_48hr,27165025,Combined,Male_1,Ind_4_17-3_Male-1,CX-5461,0.1,48hr,17-3_CX-5461_0.1_48,CX-5461_0.1,48hr,CX-5461_0.1_48hr
MCW_SP_JT_R39_R1,90-1_DOX_0.1然_3hr,27201031,Combined,Male_3,Ind_6_90-1_Male_3,DOX,0.1,03hr,90-1_DOX_0.1_3,DOX_0.1,03hr,DOX_0.1_03hr
MCW_SP_JT_R64_R1,75-1_DOX_0.5然_24hr,27312711,Mapped_Reads,female_1,Ind_1_75-1_female-1,DOX,0.5,24hr,75-1_DOX_0.5_24,DOX_0.5,24hr,DOX_0.5_24hr
MCW_SP_JT_R40_R1,90-1_DOX_0.5然_3hr,27368981,Mapped_Reads,Male_3,Ind_6_90-1_Male_3,DOX,0.5,03hr,90-1_DOX_0.5_3,DOX_0.5,03hr,DOX_0.5_03hr
MCW_SP_JT_R32_R1,84-1_CX-5461_0.5然_48hr,27372658,Mapped_Reads,Male_2,Ind_5_84-1_Male-2,CX-5461,0.5,48hr,84-1_CX-5461_0.5_48,CX-5461_0.5,48hr,CX-5461_0.5_48hr
MCW_SP_JT_R61_R1,75-1_CX-5461_0.1然_24hr,27454177,Mapped_Reads,female_1,Ind_1_75-1_female-1,CX-5461,0.1,24hr,75-1_CX-5461_0.1_24,CX-5461_0.1,24hr,CX-5461_0.1_24hr
MCW_SP_JT_R40_R1,90-1_DOX_0.5然_3hr,27481316,Combined,Male_3,Ind_6_90-1_Male_3,DOX,0.5,03hr,90-1_DOX_0.5_3,DOX_0.5,03hr,DOX_0.5_03hr
MCW_SP_JT_R32_R1,84-1_CX-5461_0.5然_48hr,27490015,Combined,Male_2,Ind_5_84-1_Male-2,CX-5461,0.5,48hr,84-1_CX-5461_0.5_48,CX-5461_0.5,48hr,CX-5461_0.5_48hr
MCW_SP_JT_R64_R1,75-1_DOX_0.5然_24hr,27497962,Combined,female_1,Ind_1_75-1_female-1,DOX,0.5,24hr,75-1_DOX_0.5_24,DOX_0.5,24hr,DOX_0.5_24hr
MCW_SP_JT_R61_R1,75-1_CX-5461_0.1然_24hr,27560752,Combined,female_1,Ind_1_75-1_female-1,CX-5461,0.1,24hr,75-1_CX-5461_0.1_24,CX-5461_0.1,24hr,CX-5461_0.1_24hr
MCW_SP_JT_R47_R1,90-1_VEH_0.1然_24hr,27638965,Mapped_Reads,Male_3,Ind_6_90-1_Male_3,VEH,0.1,24hr,90-1_VEH_0.1_24,VEH_0.1,24hr,VEH_0.1_24hr
MCW_SP_JT_R56_R1,75-1_CX-5461_0.5然_3hr,27669521,Mapped_Reads,female_1,Ind_1_75-1_female-1,CX-5461,0.5,03hr,75-1_CX-5461_0.5_3,CX-5461_0.5,03hr,CX-5461_0.5_03hr
MCW_SP_JT_R89_R1,78-1_VEH_0.1然_48hr,27675638,Mapped_Reads,female_2,Ind_2_78-1_female-2,VEH,0.1,48hr,78-1_VEH_0.1_48,VEH_0.1,48hr,VEH_0.1_48hr
MCW_SP_JT_R47_R1,90-1_VEH_0.1然_24hr,27764549,Combined,Male_3,Ind_6_90-1_Male_3,VEH,0.1,24hr,90-1_VEH_0.1_24,VEH_0.1,24hr,VEH_0.1_24hr
MCW_SP_JT_R89_R1,78-1_VEH_0.1然_48hr,27781326,Combined,female_2,Ind_2_78-1_female-2,VEH,0.1,48hr,78-1_VEH_0.1_48,VEH_0.1,48hr,VEH_0.1_48hr
MCW_SP_JT_R56_R1,75-1_CX-5461_0.5然_3hr,27783304,Combined,female_1,Ind_1_75-1_female-1,CX-5461,0.5,03hr,75-1_CX-5461_0.5_3,CX-5461_0.5,03hr,CX-5461_0.5_03hr
MCW_SP_JT_R99_R1,87-1_DOX_0.1然_24hr,27951673,Mapped_Reads,female_3,Ind_3_87-1_female-3,DOX,0.1,24hr,87-1_DOX_0.1_24,DOX_0.1,24hr,DOX_0.1_24hr
MCW_SP_JT_R96_R1,87-1_VEH_0.5然_3hr,28015388,Mapped_Reads,female_3,Ind_3_87-1_female-3,VEH,0.5,03hr,87-1_VEH_0.5_3,VEH_0.5,03hr,VEH_0.5_03hr
MCW_SP_JT_R99_R1,87-1_DOX_0.1然_24hr,28077619,Combined,female_3,Ind_3_87-1_female-3,DOX,0.1,24hr,87-1_DOX_0.1_24,DOX_0.1,24hr,DOX_0.1_24hr
MCW_SP_JT_R65_R1,75-1_VEH_0.1然_24hr,28090801,Mapped_Reads,female_1,Ind_1_75-1_female-1,VEH,0.1,24hr,75-1_VEH_0.1_24,VEH_0.1,24hr,VEH_0.1_24hr
MCW_SP_JT_R100_R1,87-1_DOX_0.5然_24hr,28098918,Mapped_Reads,female_3,Ind_3_87-1_female-3,DOX,0.5,24hr,87-1_DOX_0.5_24,DOX_0.5,24hr,DOX_0.5_24hr
MCW_SP_JT_R96_R1,87-1_VEH_0.5然_3hr,28132199,Combined,female_3,Ind_3_87-1_female-3,VEH,0.5,03hr,87-1_VEH_0.5_3,VEH_0.5,03hr,VEH_0.5_03hr
MCW_SP_JT_R102_R1,87-1_VEH_0.5然_24hr,28144482,Mapped_Reads,female_3,Ind_3_87-1_female-3,VEH,0.5,24hr,87-1_VEH_0.5_24,VEH_0.5,24hr,VEH_0.5_24hr
MCW_SP_JT_R77_R1,78-1_VEH_0.1然_3hr,28156166,Mapped_Reads,female_2,Ind_2_78-1_female-2,VEH,0.1,03hr,78-1_VEH_0.1_3,VEH_0.1,03hr,VEH_0.1_03hr
MCW_SP_JT_R65_R1,75-1_VEH_0.1然_24hr,28196246,Combined,female_1,Ind_1_75-1_female-1,VEH,0.1,24hr,75-1_VEH_0.1_24,VEH_0.1,24hr,VEH_0.1_24hr
MCW_SP_JT_R100_R1,87-1_DOX_0.5然_24hr,28250917,Combined,female_3,Ind_3_87-1_female-3,DOX,0.5,24hr,87-1_DOX_0.5_24,DOX_0.5,24hr,DOX_0.5_24hr
MCW_SP_JT_R77_R1,78-1_VEH_0.1然_3hr,28282910,Combined,female_2,Ind_2_78-1_female-2,VEH,0.1,03hr,78-1_VEH_0.1_3,VEH_0.1,03hr,VEH_0.1_03hr
MCW_SP_JT_R102_R1,87-1_VEH_0.5然_24hr,28291748,Combined,female_3,Ind_3_87-1_female-3,VEH,0.5,24hr,87-1_VEH_0.5_24,VEH_0.5,24hr,VEH_0.5_24hr
MCW_SP_JT_R55_R1,75-1_CX-5461_0.1然_3hr,28568398,Mapped_Reads,female_1,Ind_1_75-1_female-1,CX-5461,0.1,03hr,75-1_CX-5461_0.1_3,CX-5461_0.1,03hr,CX-5461_0.1_03hr
MCW_SP_JT_R101_R1,87-1_VEH_0.1然_24hr,28580787,Mapped_Reads,female_3,Ind_3_87-1_female-3,VEH,0.1,24hr,87-1_VEH_0.1_24,VEH_0.1,24hr,VEH_0.1_24hr
MCW_SP_JT_R55_R1,75-1_CX-5461_0.1然_3hr,28686294,Combined,female_1,Ind_1_75-1_female-1,CX-5461,0.1,03hr,75-1_CX-5461_0.1_3,CX-5461_0.1,03hr,CX-5461_0.1_03hr
MCW_SP_JT_R101_R1,87-1_VEH_0.1然_24hr,28722312,Combined,female_3,Ind_3_87-1_female-3,VEH,0.1,24hr,87-1_VEH_0.1_24,VEH_0.1,24hr,VEH_0.1_24hr
MCW_SP_JT_R16_R1,17-3_DOX_0.5然_48hr,28756111,Mapped_Reads,Male_1,Ind_4_17-3_Male-1,DOX,0.5,48hr,17-3_DOX_0.5_48,DOX_0.5,48hr,DOX_0.5_48hr
MCW_SP_JT_R85_R1,78-1_CX-5461_0.1然_48hr,28937285,Mapped_Reads,female_2,Ind_2_78-1_female-2,CX-5461,0.1,48hr,78-1_CX-5461_0.1_48,CX-5461_0.1,48hr,CX-5461_0.1_48hr
MCW_SP_JT_R71_R1,75-1_VEH_0.1然_48hr,28956885,Mapped_Reads,female_1,Ind_1_75-1_female-1,VEH,0.1,48hr,75-1_VEH_0.1_48,VEH_0.1,48hr,VEH_0.1_48hr
MCW_SP_JT_R103_R1,87-1_CX-5461_0.1然_48hr,28976075,Mapped_Reads,female_3,Ind_3_87-1_female-3,CX-5461,0.1,48hr,87-1_CX-5461_0.1_48,CX-5461_0.1,48hr,CX-5461_0.1_48hr
MCW_SP_JT_R85_R1,78-1_CX-5461_0.1然_48hr,29057390,Combined,female_2,Ind_2_78-1_female-2,CX-5461,0.1,48hr,78-1_CX-5461_0.1_48,CX-5461_0.1,48hr,CX-5461_0.1_48hr
MCW_SP_JT_R16_R1,17-3_DOX_0.5然_48hr,29061074,Combined,Male_1,Ind_4_17-3_Male-1,DOX,0.5,48hr,17-3_DOX_0.5_48,DOX_0.5,48hr,DOX_0.5_48hr
MCW_SP_JT_R67_R1,75-1_CX-5461_0.1然_48hr,29071890,Mapped_Reads,female_1,Ind_1_75-1_female-1,CX-5461,0.1,48hr,75-1_CX-5461_0.1_48,CX-5461_0.1,48hr,CX-5461_0.1_48hr
MCW_SP_JT_R71_R1,75-1_VEH_0.1然_48hr,29090974,Combined,female_1,Ind_1_75-1_female-1,VEH,0.1,48hr,75-1_VEH_0.1_48,VEH_0.1,48hr,VEH_0.1_48hr
MCW_SP_JT_R103_R1,87-1_CX-5461_0.1然_48hr,29104524,Combined,female_3,Ind_3_87-1_female-3,CX-5461,0.1,48hr,87-1_CX-5461_0.1_48,CX-5461_0.1,48hr,CX-5461_0.1_48hr
MCW_SP_JT_R60_R1,75-1_VEH_0.5然_3hr,29123653,Mapped_Reads,female_1,Ind_1_75-1_female-1,VEH,0.5,03hr,75-1_VEH_0.5_3,VEH_0.5,03hr,VEH_0.5_03hr
MCW_SP_JT_R67_R1,75-1_CX-5461_0.1然_48hr,29189939,Combined,female_1,Ind_1_75-1_female-1,CX-5461,0.1,48hr,75-1_CX-5461_0.1_48,CX-5461_0.1,48hr,CX-5461_0.1_48hr
MCW_SP_JT_R76_R1,78-1_DOX_0.5然_3hr,29229627,Mapped_Reads,female_2,Ind_2_78-1_female-2,DOX,0.5,03hr,78-1_DOX_0.5_3,DOX_0.5,03hr,DOX_0.5_03hr
MCW_SP_JT_R60_R1,75-1_VEH_0.5然_3hr,29231226,Combined,female_1,Ind_1_75-1_female-1,VEH,0.5,03hr,75-1_VEH_0.5_3,VEH_0.5,03hr,VEH_0.5_03hr
MCW_SP_JT_R76_R1,78-1_DOX_0.5然_3hr,29340615,Combined,female_2,Ind_2_78-1_female-2,DOX,0.5,03hr,78-1_DOX_0.5_3,DOX_0.5,03hr,DOX_0.5_03hr
MCW_SP_JT_R98_R1,87-1_CX-5461_0.5然_24hr,29490790,Mapped_Reads,female_3,Ind_3_87-1_female-3,CX-5461,0.5,24hr,87-1_CX-5461_0.5_24,CX-5461_0.5,24hr,CX-5461_0.5_24hr
MCW_SP_JT_R98_R1,87-1_CX-5461_0.5然_24hr,29643260,Combined,female_3,Ind_3_87-1_female-3,CX-5461,0.5,24hr,87-1_CX-5461_0.5_24,CX-5461_0.5,24hr,CX-5461_0.5_24hr
MCW_SP_JT_R94_R1,87-1_DOX_0.5然_3hr,29646625,Mapped_Reads,female_3,Ind_3_87-1_female-3,DOX,0.5,03hr,87-1_DOX_0.5_3,DOX_0.5,03hr,DOX_0.5_03hr
MCW_SP_JT_R94_R1,87-1_DOX_0.5然_3hr,29772771,Combined,female_3,Ind_3_87-1_female-3,DOX,0.5,03hr,87-1_DOX_0.5_3,DOX_0.5,03hr,DOX_0.5_03hr
MCW_SP_JT_R72_R1,75-1_VEH_0.5然_48hr,29926971,Mapped_Reads,female_1,Ind_1_75-1_female-1,VEH,0.5,48hr,75-1_VEH_0.5_48,VEH_0.5,48hr,VEH_0.5_48hr
MCW_SP_JT_R73_R1,78-1_CX-5461_0.1然_3hr,30002440,Mapped_Reads,female_2,Ind_2_78-1_female-2,CX-5461,0.1,03hr,78-1_CX-5461_0.1_3,CX-5461_0.1,03hr,CX-5461_0.1_03hr
MCW_SP_JT_R72_R1,75-1_VEH_0.5然_48hr,30092024,Combined,female_1,Ind_1_75-1_female-1,VEH,0.5,48hr,75-1_VEH_0.5_48,VEH_0.5,48hr,VEH_0.5_48hr
MCW_SP_JT_R73_R1,78-1_CX-5461_0.1然_3hr,30115219,Combined,female_2,Ind_2_78-1_female-2,CX-5461,0.1,03hr,78-1_CX-5461_0.1_3,CX-5461_0.1,03hr,CX-5461_0.1_03hr
MCW_SP_JT_R15_R1,17-3_DOX_0.1然_48hr,30284553,Mapped_Reads,Male_1,Ind_4_17-3_Male-1,DOX,0.1,48hr,17-3_DOX_0.1_48,DOX_0.1,48hr,DOX_0.1_48hr
MCW_SP_JT_R66_R1,75-1_VEH_0.5然_24hr,30333904,Mapped_Reads,female_1,Ind_1_75-1_female-1,VEH,0.5,24hr,75-1_VEH_0.5_24,VEH_0.5,24hr,VEH_0.5_24hr
MCW_SP_JT_R15_R1,17-3_DOX_0.1然_48hr,30426062,Combined,Male_1,Ind_4_17-3_Male-1,DOX,0.1,48hr,17-3_DOX_0.1_48,DOX_0.1,48hr,DOX_0.1_48hr
MCW_SP_JT_R66_R1,75-1_VEH_0.5然_24hr,30468828,Combined,female_1,Ind_1_75-1_female-1,VEH,0.5,24hr,75-1_VEH_0.5_24,VEH_0.5,24hr,VEH_0.5_24hr
MCW_SP_JT_R49_R1,90-1_CX-5461_0.1然_48hr,31779729,Mapped_Reads,Male_3,Ind_6_90-1_Male_3,CX-5461,0.1,48hr,90-1_CX-5461_0.1_48,CX-5461_0.1,48hr,CX-5461_0.1_48hr
MCW_SP_JT_R49_R1,90-1_CX-5461_0.1然_48hr,31910036,Combined,Male_3,Ind_6_90-1_Male_3,CX-5461,0.1,48hr,90-1_CX-5461_0.1_48,CX-5461_0.1,48hr,CX-5461_0.1_48hr
MCW_SP_JT_R63_R1,75-1_DOX_0.1然_24hr,32384790,Mapped_Reads,female_1,Ind_1_75-1_female-1,DOX,0.1,24hr,75-1_DOX_0.1_24,DOX_0.1,24hr,DOX_0.1_24hr
MCW_SP_JT_R63_R1,75-1_DOX_0.1然_24hr,32520619,Combined,female_1,Ind_1_75-1_female-1,DOX,0.1,24hr,75-1_DOX_0.1_24,DOX_0.1,24hr,DOX_0.1_24hr
MCW_SP_JT_R105_R1,87-1_DOX_0.1然_48hr,32969323,Mapped_Reads,female_3,Ind_3_87-1_female-3,DOX,0.1,48hr,87-1_DOX_0.1_48,DOX_0.1,48hr,DOX_0.1_48hr
MCW_SP_JT_R1_R1,17-3_CX-5461_0.1然_3hr,33084169,Mapped_Reads,Male_1,Ind_4_17-3_Male-1,CX-5461,0.1,03hr,17-3_CX-5461_0.1_3,CX-5461_0.1,03hr,CX-5461_0.1_03hr
MCW_SP_JT_R105_R1,87-1_DOX_0.1然_48hr,33092097,Combined,female_3,Ind_3_87-1_female-3,DOX,0.1,48hr,87-1_DOX_0.1_48,DOX_0.1,48hr,DOX_0.1_48hr
MCW_SP_JT_R1_R1,17-3_CX-5461_0.1然_3hr,33207454,Combined,Male_1,Ind_4_17-3_Male-1,CX-5461,0.1,03hr,17-3_CX-5461_0.1_3,CX-5461_0.1,03hr,CX-5461_0.1_03hr
MCW_SP_JT_R25_R1,84-1_CX-5461_0.1然_24hr,33715044,Mapped_Reads,Male_2,Ind_5_84-1_Male-2,CX-5461,0.1,24hr,84-1_CX-5461_0.1_24,CX-5461_0.1,24hr,CX-5461_0.1_24hr
MCW_SP_JT_R25_R1,84-1_CX-5461_0.1然_24hr,33859119,Combined,Male_2,Ind_5_84-1_Male-2,CX-5461,0.1,24hr,84-1_CX-5461_0.1_24,CX-5461_0.1,24hr,CX-5461_0.1_24hr
MCW_SP_JT_R17_R1,17-3_VEH_0.1然_48hr,34193048,Mapped_Reads,Male_1,Ind_4_17-3_Male-1,VEH,0.1,48hr,17-3_VEH_0.1_48,VEH_0.1,48hr,VEH_0.1_48hr
MCW_SP_JT_R17_R1,17-3_VEH_0.1然_48hr,34340226,Combined,Male_1,Ind_4_17-3_Male-1,VEH,0.1,48hr,17-3_VEH_0.1_48,VEH_0.1,48hr,VEH_0.1_48hr
MCW_SP_JT_R9_R1,17-3_DOX_0.1然_24hr,36281653,Mapped_Reads,Male_1,Ind_4_17-3_Male-1,DOX,0.1,24hr,17-3_DOX_0.1_24,DOX_0.1,24hr,DOX_0.1_24hr
MCW_SP_JT_R9_R1,17-3_DOX_0.1然_24hr,36435396,Combined,Male_1,Ind_4_17-3_Male-1,DOX,0.1,24hr,17-3_DOX_0.1_24,DOX_0.1,24hr,DOX_0.1_24hr
MCW_SP_JT_R5_R1,17-3_VEH_0.1然_3hr,37739151,Mapped_Reads,Male_1,Ind_4_17-3_Male-1,VEH,0.1,03hr,17-3_VEH_0.1_3,VEH_0.1,03hr,VEH_0.1_03hr
MCW_SP_JT_R5_R1,17-3_VEH_0.1然_3hr,37896630,Combined,Male_1,Ind_4_17-3_Male-1,VEH,0.1,03hr,17-3_VEH_0.1_3,VEH_0.1,03hr,VEH_0.1_03hr
MCW_SP_JT_R81_R1,78-1_DOX_0.1然_24hr,39258385,Mapped_Reads,female_2,Ind_2_78-1_female-2,DOX,0.1,24hr,78-1_DOX_0.1_24,DOX_0.1,24hr,DOX_0.1_24hr
MCW_SP_JT_R81_R1,78-1_DOX_0.1然_24hr,39434837,Combined,female_2,Ind_2_78-1_female-2,DOX,0.1,24hr,78-1_DOX_0.1_24,DOX_0.1,24hr,DOX_0.1_24hr
MCW_SP_JT_R97_R1,87-1_CX-5461_0.1然_24hr,39448868,Mapped_Reads,female_3,Ind_3_87-1_female-3,CX-5461,0.1,24hr,87-1_CX-5461_0.1_24,CX-5461_0.1,24hr,CX-5461_0.1_24hr
MCW_SP_JT_R97_R1,87-1_CX-5461_0.1然_24hr,39630083,Combined,female_3,Ind_3_87-1_female-3,CX-5461,0.1,24hr,87-1_CX-5461_0.1_24,CX-5461_0.1,24hr,CX-5461_0.1_24hr
